{
  "version": 1,
  "author": "Anonymous maker",
  "editor": "wokwi",
  "parts": [
    { "type": "wokwi-esp32-devkit-v1", "id": "esp", "top": 6.66, "left": -69.33, "attrs": {} },
    { "type": "wokwi-dht22", "id": "dht1", "top": -16.5, "left": 91.67, "attrs": {} },
    {
      "type": "wokwi-hc-sr04",
      "id": "ultrasonic1",
      "top": -83.3,
      "left": -176.37,
      "attrs": { "distance": "2" }
    },
    {
      "type": "wokwi-resistor",
      "id": "r1",
      "top": 48.48,
      "left": 41.07,
      "rotate": 90,
      "attrs": { "value": "1000" }
    },
    {
      "type": "wokwi-resistor",
      "id": "r2",
      "top": -31.38,
      "left": 40.4,
      "rotate": 90,
      "attrs": { "value": "1000" }
    },
    {
      "type": "wokwi-led",
      "id": "led1",
      "top": 19.33,
      "left": -158.07,
      "attrs": { "color": "red" }
    },
    {
      "type": "wokwi-resistor",
      "id": "r3",
      "top": 97.28,
      "left": -162.27,
      "rotate": 90,
      "attrs": { "value": "1000" }
    },
    {
      "type": "wokwi-buzzer",
      "id": "bz1",
      "top": -76.93,
      "left": 182.6,
      "attrs": { "volume": "0.1" }
    }
  ],
  "connections": [
    [ "esp:TX0", "$serialMonitor:RX", "", [] ],
    [ "esp:RX0", "$serialMonitor:TX", "", [] ],
    [ "dht1:VCC", "esp:3V3", "red", [ "v0" ] ],
    [ "dht1:GND", "esp:GND.1", "black", [ "v0" ] ],
    [ "dht1:SDA", "esp:D15", "green", [ "v0" ] ],
    [ "ultrasonic1:VCC", "esp:VIN", "red", [ "v0" ] ],
    [ "ultrasonic1:GND", "esp:GND.2", "black", [ "v0" ] ],
    [ "ultrasonic1:TRIG", "esp:D18", "green", [ "v0" ] ],
    [ "r2:2", "r1:1", "green", [ "h0" ] ],
    [ "ultrasonic1:ECHO", "r2:1", "green", [ "v0" ] ],
    [ "esp:D5", "r1:1", "green", [ "h17.2", "v-85.2", "h21.33", "v2.67", "h-1.33", "v2.67" ] ],
    [ "r1:2", "esp:GND.1", "green", [ "h-19.92", "v71.48" ] ],
    [ "led1:A", "r3:1", "green", [ "v0" ] ],
    [ "r3:2", "esp:D2", "green", [ "h0" ] ],
    [ "led1:C", "esp:GND.2", "green", [ "v0" ] ],
    [ "bz1:1", "esp:D21", "green", [ "v0" ] ],
    [ "bz1:2", "esp:GND.1", "green", [ "v0" ] ]
  ],
  "dependencies": {}
}